Name,Source,Sequence,Length
6be7,PDB,DDPTPRQQ,8
6be9,PDB,TKNDTXP,7
6ben,PDB,RQPQREPQ,8
6beo,PDB,PPYHPKDLQ,9
6beq,PDB,AARVPRLTPE,10
6ber,PDB,EVDPEHPNAP,10
6bew,PDB,HPDQSEP,7
6bf3,PDB,QDPPKTD,7
6bf5,PDB,QDPPKTD,7
AAGAAG10,CSD,AAGAGG,6
AAGGAG10,CSD,AAGGAG,6
BIHXUL10,CSD,PVFFAG,6
CACNOJ10,CSD,AGPFAGPF,8
CAHWEN,CSD,FLGFLG,6
CAMVES,CSD,PPAAAA,6
CEWCIQ10,CSD,AGPFAGPF,8
CGLEGL,CSD,GLGGLG,6
CGLPGL,CSD,GPGGPG,6
CGPGAP10,CSD,GPGAP,5
CGPSAQ,CSD,GPSAP,5
CINYED,CSD,PVFFAG,6
CLPGDH,CSD,LFGLFG,6
CYBGPP,CSD,GPFGPF,6
CYDGPA,CSD,GPAGPA,6
CYHEXG,CSD,GGGGGG,6
DASXIE,CSD,AGPFAGPF,8
DEWFEQ,CSD,VPGVPGVPGVPG,12
DICWET,CSD,GGSGGS,6
DUYTIA,CSD,PFFPFF,6
EVAPUM,CSD,YPPIGVAA,8
FILPEW,CSD,APGVGVAPGVGV,12
FIVSAE,CSD,GPFGA,5
FUDWIK,CSD,GPFGV,5
GAJDUQ,CSD,PFTFWF,6
GAJFAY,CSD,PFTFWF,6
GGAAGG,CSD,GGAAGG,6
GOKZOX,CSD,PFFPFF,6
GUFXOU,CSD,PFFPAA,6
JEHMAK,CSD,GYGPLP,6
JINGAO,CSD,AGPFAGPF,8
KARPIE,CSD,GSPSWLV,7
NIWHEH,CSD,PGNISIYY,8
PAPGAP,CSD,FPGAP,5
PAPRVA,CSD,FPVFPV,6
PHLEGL10,CSD,FLGFLG,6
UZUKUW,CSD,AGLATFPP,8
VAWTAQ,CSD,GPLTLP,6
VEGROO,CSD,LFGFLG,6
VUGMEP,CSD,PFASFF,6
XOPZEH,CSD,FFFFFF,6
YEXJIV,CSD,APGFVS,6
ZORRED,CSD,GYGPLIL,7
ZUKRAY,CSD,GTPLYV,6